[Email Address]|[Username]|[Display Name]|[First Name]|[Last Name]|[Gender (Male/Female)]|[Birthdate (yyyy-mm-dd)]
test1@sesolutions.com|test1|Sandra Kingsley|Sandra|Kingsley|3|1998-3-3
test2@sesolutions.com|test2|Louise Gonzales|Louise|Gonzales|2|1985-4-14
test3@sesolutions.com|test3|Gene Brooks|Gene|Brooks|3|1974-11-14
test4@sesolutions.com|test4|Marcus Rouse|Marcus|Rouse|2|1985-9-7
test5@sesolutions.com|test5|Dolores Webb|Dolores|Webb|2|1970-2-14
test6@sesolutions.com|test6|Larry Mack|Larry|Mack|3|1990-4-7
test7@sesolutions.com|richard|Richard Thomas|Richard|Thomas|2|1991-4-13
test8@sesolutions.com|agnes|Agnes Baker|Agnes|Baker|3|1981-3-14
test9@sesolutions.com|libby|Libby Harris|Libby|Harris|3|1983-7-13
test10@sesolutions.com|eileen|Eileen Smith|Eileen|Smith|2|1974-10-11
test11@sesolutions.com|randall|Randall Lewis|Randall|Lewis|3|1978-11-15
test12@sesolutions.com|george|George Mestas|George|Mestas|2|1992-2-19
test13@sesolutions.com|william|Matt Donevan|Matt|Donevan|2|1989-9-14
test14@sesolutions.com|jims|Jim Smith|Jim|Smith|2|1986-6-18
test15@sesolutions.com|ramon|Ramon Stewart|Ramon|Stewart|2|1974-12-20
test16@sesolutions.com|parnella|Parnella Durepos|Parnella|Durepos|3|1987-5-6
test17@sesolutions.com|linette|Linette Maheu|Linette|Maheu|3|1974-8-6
test18@sesolutions.com|bellamy|Bellamy Lamour|Bellamy|Lamour|3|1977-12-18
test19@sesolutions.com|desire|Alaric Saltzman|Alaric |Saltzman|2|1988-4-4
test20@sesolutions.com|moore|Moore Melanson|Moore|Melanson|3|1976-4-8
test21@sesolutions.com|sabine|Sabine Bureau|Sabine|Bureau|3|1983-12-31
test22@sesolutions.com|cerise|Cerise Doiron|Cerise|Doiron|3|1988-4-4
test23@sesolutions.com|fiacre|Fiacre Pichette|Fiacre|Pichette|2|1970-1-6
test24@sesolutions.com|arthur|Arthur Mailey|Arthur|Mailey|2|1989-9-12
test25@sesolutions.com|vernon|Vernon Jobin|Vernon|Jobin|3|1983-11-17
test26@sesolutions.com|emmaj|Emma johnson|Emma|johnson|3|1994-9-4
test27@sesolutions.com|jesper|Jesper Audibert|Jesper|Audibert|2|1972-6-31
test28@sesolutions.com|megan|Megan Glover|Megan|Glover|3|1983-6-6
test29@sesolutions.com|laverne|Laverne Audet|Laverne|Audet|2|1989-1-14
test30@sesolutions.com|michelina|Michelina Costa|Michelina|Costa|3|1984-8-14
test31@sesolutions.com|macaria|Macaria Rossi|Macaria|Rossi|3|1988-6-7
test32@sesolutions.com|silvio|Silvio Mancini|Silvio|Mancini|2|1961-4-11
test33@sesolutions.com|jamie|Jamie Barry|Jamie|Barry|2|1960-5-5
test34@sesolutions.com|jack|Jack Welch|Jack|Welch|2|1968-11-19
test35@sesolutions.com|georgia|Georgia Reid|Georgia|Reid|3|1973-8-19
test36@sesolutions.com|ammy|Ammy Lord|Ammy |Lord|2|1984-1-15
test37@sesolutions.com|lucy|Lucy Allan|Lucy|Allan|3|1973-9-26
test38@sesolutions.com|aaliyah|Aaliyah Mann|Aaliyah|Mann|3|1982-4-9
test39@sesolutions.com|lola|Lola Miah|Lola|Miah|3|1995-2-3
test40@sesolutions.com|tilly|Tilly Lawrence|Tilly|Lawrence|3|1974-2-28
test41@sesolutions.com|lara|Laral Hunter|Laral|Hunter|2|1998-6-5
test42@sesolutions.com|john|John Miller|John|Miller|2|1979-2-15
test43@sesolutions.com|caitlin|Caitlin Weston|Caitlin|Weston|3|1981-10-9
test44@sesolutions.com|luke|Luke Forster|Luke|Forster|2|1993-9-12
test45@sesolutions.com|cameron|Cameron Wright|Cameron|Wright|3|1985-8-16
test46@sesolutions.com|ellis|Ellis Wheeler|Ellis|Wheeler|3|1980-6-16
test47@sesolutions.com|katherine|Katherine Wall|Katherine|Wall|3|1989-8-19
test48@sesolutions.com|david|David Freeman|David|Freeman|2|1966-1-31
test49@sesolutions.com|finlay|Finlay Clark|Finlay|Clark|2|1974-3-23
test50@sesolutions.com|emma|Emma Richards|Emma|Richards|3|1978-10-26
test51@sesolutions.com|charles|Charles York|Charles|York|2|1994-2-14
test52@sesolutions.com|romario|Romario Jacobson|Romario|Jacobson|2|1999-12-16
test53@sesolutions.com|saeed|Saeed Clarke|Saeed|Clarke|2|1996-3-9
test54@sesolutions.com|monty|Monty Bernard|Monty|Bernard|2|1992-6-8
test55@sesolutions.com|homer|Homer Bone|Homer|Bone|2|1993-4-10
test56@sesolutions.com|clark|Clark Russo|Clark|Russo|2|
test57@sesolutions.com|aahil|Aahil Edge|Aahil|Edge|2|1996-6-15
test58@sesolutions.com|trey|Trey Fuller|Trey|Fuller|2|1993-8-15
test59@sesolutions.com|roberto|Roberto Rhodes|Roberto|Rhodes|2|1995-3-14
test60@sesolutions.com|floyd|Floyd Gibbs|Floyd|Gibbs|2|1995-2-7
test61@sesolutions.com|finnley|Finnley Blackwell|Finnley|Blackwell|2|1997-1-17
test62@sesolutions.com|anis|Anis Dupont|Anis|Dupont|2|1998-6-18
test64@sesolutions.com|callan|Callan Hurley|Callan|Hurley|2|2003-6-16
test63@sesolutions.com|aaron|Aaron Cross|Aaron|Cross|2|1998-10-18
test65@sesolutions.com|kester|Kester Craig|Kester|Craig|2|1994-2-3
test66@sesolutions.com|kaidan|Kaidan Slater|Kaidan|Slater|2|1998-1-15
test67@sesolutions.com|daniel|Daniel Burris|Daniel|Burris|2|1994-1-12
test68@sesolutions.com|axel|Axel Chester|Axel|Chester|2|1998-6-20
test69@sesolutions.com|shawn|Shawn Mcleod|Shawn|Mcleod|2|1996-1-15
test70@sesolutions.com|clement|Clement Andrews|Clement|Andrews|2|1996-11-12
test71@sesolutions.com|levi|Levi Reader|Levi|Reader|2|1995-10-14
test72@sesolutions.com|martin|Martin Newman|Martin|Newman|2|1995-10-18
test73@sesolutions.com|blair|Blair Cullen|Blair|Cullen|2|1993-2-18
test74@sesolutions.com|kyan|Kyan Costa|Kyan|Costa|2|1993-2-18
test75@sesolutions.com|neobyrd|Neo Byrd|Neo|Byrd|2|1995-9-16
test76@sesolutions.com|allan|Allan Park|Allan|Park|2|1998-12-12
test77@sesolutions.com|penny|Penny Spencer|Penny|Spencer|3|1998-11-16
test78@sesolutions.com|grace|Grace Llyod|Grace|Llyod|3|1995-10-18
test79@sesolutions.com|essie|Essie Garner|Essie|Garner|3|1994-1-19
test80@sesolutions.com|shirley|Shirley Lawson|Shirley|Lawson|3|1997-1-18
test81@sesolution.com|faith|Faith Marshall|Faith|Marshall|3|2000-2-19
test82@sesolution.com|shary|Shari Long|Shari|Long|3|1997-7-5
test83@sesolutions.com|donna|Donna Cortez|Donna|Cortez|3|2002-1-18
test84@sesolutions.com|erin|Erin Newman|Erin|Newman|3|1995-1-1
test85@sesolutions.com|maggie|Maggie Kim|Maggie|Kim|3|1998-3-15
test86@sesolution.com|florence|Florence Lane|Florence|Lane|3|1990-9-18
test87@sesolutions.com|julie|Julie Morgan|Julie|Morgan|3|1995-2-20
test88@sesolutions.com|leah|Leah Hart|Leah|Hart|3|1996-3-19
test89@sesolutions.com|misty|Misty Flores|Misty|Flores|3|2000-1-19
test90@sesolutions.com|jodi|Jodi Johnson|Jodi|Johnson|3|1994-2-21
test91@sesolutions.com|betsy|Betsy Hughes|Betsy|Hughes|3|2000-1-18
test92@sesolutions.com|bonnie|Bonnie Allison|Bonnie|Allison|3|1997-1-21
test93@sesolutions.com|cora|Cora Brown|Cora|Brown|3|2000-1-18
test94@sesolutions.com|erna|Erna Walker|Erna|Walker|3|1989-6-20
test95@sesolutions.com|iris|Iris Burgess|Iris|Burgess|3|1992-2-17
test96@sesolutions.com|billie|Billie Frazier|Billie|Frazier|3|1993-5-12
test97@sesolutions.com|janice|Janice Hardy|Janice|Hardy|3|1993-3-17
test98@sesolutions.com|angie|Angie Corner|Angie|Corner|3|1992-2-17
test99@sesolutions.com|jacqueline|Jacqueline Cook|Jacqueline|Cook|3|1995-2-18
test100@sesolutions.com|vicki|Vicki Massey|Vicki|Massey|3|1994-2-4
