[Email Address]|[Username]|[Display Name]|[First Name]|[Last Name]|[Gender (Male/Female)]|[Birthdate (yyyy-mm-dd)]
test2@sesolutions.com|test2|Louise Gonzales|Louise|Gonzales|2|1985-4-14
test4@sesolutions.com|test4|Marcus Rouse|Marcus|Rouse|2|1985-9-7
test5@sesolutions.com|test5|Dolores Webb|Dolores|Webb|2|1970-2-14
test7@sesolutions.com|richard|Richard Thomas|Richard|Thomas|2|1991-4-13
test10@sesolutions.com|eileen|Eileen Smith|Eileen|Smith|2|1974-10-11
test12@sesolutions.com|george|George Mestas|George|Mestas|2|1992-2-19
test13@sesolutions.com|william|Matt Donevan|Matt|Donevan|2|1989-9-14
test14@sesolutions.com|jims|Jim Smith|Jim|Smith|2|1986-6-18
test15@sesolutions.com|ramon|Ramon Stewart|Ramon|Stewart|2|1974-12-20
test19@sesolutions.com|desire|Alaric Saltzman|Alaric |Saltzman|2|1988-4-4
test23@sesolutions.com|fiacre|Fiacre Pichette|Fiacre|Pichette|2|1970-1-6
test24@sesolutions.com|arthur|Arthur Mailey|Arthur|Mailey|2|1989-9-12
test27@sesolutions.com|jesper|Jesper Audibert|Jesper|Audibert|2|1972-6-31
test29@sesolutions.com|laverne|Laverne Audet|Laverne|Audet|2|1989-1-14
test32@sesolutions.com|silvio|Silvio Mancini|Silvio|Mancini|2|1961-4-11
test33@sesolutions.com|jamie|Jamie Barry|Jamie|Barry|2|1960-5-5
test34@sesolutions.com|jack|Jack Welch|Jack|Welch|2|1968-11-19
test36@sesolutions.com|ammy|Ammy Lord|Ammy |Lord|2|1984-1-15
test41@sesolutions.com|lara|Laral Hunter|Laral|Hunter|2|1998-6-5
test42@sesolutions.com|john|John Miller|John|Miller|2|1979-2-15
test44@sesolutions.com|luke|Luke Forster|Luke|Forster|2|1993-9-12
test48@sesolutions.com|david|David Freeman|David|Freeman|2|1966-1-31
test49@sesolutions.com|finlay|Finlay Clark|Finlay|Clark|2|1974-3-23
test51@sesolutions.com|charles|Charles York|Charles|York|2|1994-2-14
test52@sesolutions.com|romario|Romario Jacobson|Romario|Jacobson|2|1999-12-16
test53@sesolutions.com|saeed|Saeed Clarke|Saeed|Clarke|2|1996-3-9
test54@sesolutions.com|monty|Monty Bernard|Monty|Bernard|2|1992-6-8
test55@sesolutions.com|homer|Homer Bone|Homer|Bone|2|1993-4-10
test56@sesolutions.com|clark|Clark Russo|Clark|Russo|2|1993-4-10
test57@sesolutions.com|aahil|Aahil Edge|Aahil|Edge|2|1996-6-15
test58@sesolutions.com|trey|Trey Fuller|Trey|Fuller|2|1993-8-15
test59@sesolutions.com|roberto|Roberto Rhodes|Roberto|Rhodes|2|1995-3-14
test60@sesolutions.com|floyd|Floyd Gibbs|Floyd|Gibbs|2|1995-2-7
test61@sesolutions.com|finnley|Finnley Blackwell|Finnley|Blackwell|2|1997-1-17
test62@sesolutions.com|anis|Anis Dupont|Anis|Dupont|2|1998-6-18
test64@sesolutions.com|callan|Callan Hurley|Callan|Hurley|2|2003-6-16
test63@sesolutions.com|aaron|Aaron Cross|Aaron|Cross|2|1998-10-18
test65@sesolutions.com|kester|Kester Craig|Kester|Craig|2|1994-2-3
test66@sesolutions.com|kaidan|Kaidan Slater|Kaidan|Slater|2|1998-1-15
test67@sesolutions.com|daniel|Daniel Burris|Daniel|Burris|2|1994-1-12
test68@sesolutions.com|axel|Axel Chester|Axel|Chester|2|1998-6-20
test69@sesolutions.com|shawn|Shawn Mcleod|Shawn|Mcleod|2|1996-1-15
test70@sesolutions.com|clement|Clement Andrews|Clement|Andrews|2|1996-11-12
test71@sesolutions.com|levi|Levi Reader|Levi|Reader|2|1995-10-14
test72@sesolutions.com|martin|Martin Newman|Martin|Newman|2|1995-10-18
test73@sesolutions.com|blair|Blair Cullen|Blair|Cullen|2|1993-2-18
test74@sesolutions.com|kyan|Kyan Costa|Kyan|Costa|2|1993-2-18
test75@sesolutions.com|neobyrd|Neo Byrd|Neo|Byrd|2|1995-9-16
test76@sesolutions.com|allan|Allan Park|Allan|Park|2|1998-12-12
